Borough,ZIP,Descriptor,Month,lat,long,Year,ToD,AP
Unspecified,NA,Tortured,09,NA,NA,2018,09,AM
MANHATTAN,10034,Tortured,12,40.86225027373548,-73.92291561661044,2018,09,PM
BROOKLYN,11205,Tortured,12,40.69906584505964,-73.95634811470144,2018,09,AM
MANHATTAN,10011,Tortured,12,40.74436805903719,-74.00393365058683,2018,12,AM
BRONX,10460,Tortured,12,40.83908631925649,-73.8647499164118,2018,04,PM
BRONX,10454,Tortured,12,40.802394089901696,-73.91581872262687,2018,12,PM
MANHATTAN,10037,Tortured,12,40.81021106498936,-73.93736778909592,2018,02,PM
STATEN ISLAND,10310,Tortured,12,40.64297689956777,-74.11184142661355,2018,02,PM
STATEN ISLAND,10310,Tortured,12,40.63027428286455,-74.12741257048373,2018,08,PM
STATEN ISLAND,10310,Tortured,12,40.63027428286455,-74.12741257048373,2018,07,PM
MANHATTAN,10002,Tortured,12,40.71761325217918,-73.97994282763817,2018,12,PM
QUEENS,11385,Tortured,12,40.70240083458614,-73.89048971892058,2018,04,PM
BROOKLYN,11208,Tortured,12,40.681767689595176,-73.87883827682239,2018,06,AM
BRONX,10459,Tortured,12,40.821327646146486,-73.89025065203734,2018,02,PM
BRONX,10465,Tortured,12,40.82000631769778,-73.81781658121255,2018,08,PM
MANHATTAN,10032,Tortured,12,40.834962195474795,-73.9411895384596,2018,01,PM
BROOKLYN,11217,Tortured,12,40.681591180213395,-73.98139223914563,2018,08,PM
BRONX,10472,Tortured,12,40.82954871093739,-73.8825367726955,2018,10,AM
BROOKLYN,11234,Tortured,12,40.63634005646527,-73.92136426200209,2018,01,PM
BRONX,10460,Tortured,12,40.839679679830404,-73.88829410026592,2018,01,PM
BROOKLYN,11232,Tortured,12,40.661679335143994,-74.00002162628128,2018,02,PM
MANHATTAN,10035,Tortured,12,40.79954525387798,-73.93283412204984,2018,05,PM
MANHATTAN,10038,Tortured,12,40.70954259187049,-73.9961621857265,2018,07,PM
BRONX,10456,Tortured,12,40.83108381287672,-73.90418651311589,2018,02,PM
MANHATTAN,10002,Tortured,12,40.70960001383794,-73.99194202586268,2018,05,PM
BROOKLYN,11234,Tortured,12,40.63634005646527,-73.92136426200209,2018,07,PM
BRONX,10462,Tortured,12,40.84203310990234,-73.85706745697696,2018,04,PM
STATEN ISLAND,10306,Tortured,12,40.586490806746355,-74.10101065933401,2018,04,PM
BRONX,10462,Tortured,12,40.84203310990234,-73.85706745697696,2018,04,PM
QUEENS,11379,Tortured,12,40.709274643671996,-73.87776390293371,2018,01,PM
MANHATTAN,10029,Tortured,12,40.79559650438022,-73.93442361247425,2018,01,PM
MANHATTAN,10030,Tortured,12,40.817933430782674,-73.94012434683754,2018,07,PM
BRONX,10456,Tortured,12,40.83108381287672,-73.90418651311589,2018,01,PM
BROOKLYN,11234,Tortured,12,40.62719284558747,-73.9190982472782,2018,08,PM
QUEENS,11362,Tortured,12,40.75874342409741,-73.73791862397395,2018,11,PM
BROOKLYN,11222,Tortured,12,40.7270001851582,-73.95878319801558,2018,08,PM
BROOKLYN,11238,Tortured,12,40.67798561889808,-73.95533801838164,2018,10,PM
MANHATTAN,10009,Tortured,12,40.723113086193166,-73.97644170062286,2018,09,PM
QUEENS,11101,Tortured,12,40.74734739122864,-73.95256671168572,2018,02,PM
MANHATTAN,10009,Tortured,12,40.72983822962701,-73.97896857804744,2018,05,PM
QUEENS,11694,Tortured,12,40.58025854233732,-73.82829495089065,2018,05,PM
BRONX,10458,Tortured,12,40.86537005701506,-73.88822925384257,2018,11,AM
BRONX,10457,Tortured,12,40.85534559975604,-73.89617714227748,2018,11,PM
BRONX,10453,Tortured,12,40.85177915144158,-73.91133546306766,2018,06,PM
MANHATTAN,10009,Tortured,12,40.72682390398384,-73.97598579292486,2018,01,PM
MANHATTAN,10032,Tortured,12,40.843564500328895,-73.94194815147347,2018,05,PM
MANHATTAN,10019,Tortured,12,NA,NA,2018,03,PM
BROOKLYN,11212,Tortured,12,40.65729827282237,-73.91996998230053,2018,11,AM
QUEENS,11691,Tortured,12,40.60130581066685,-73.74795359363846,2018,03,PM
BROOKLYN,11233,Tortured,12,40.683845069405336,-73.91898264386607,2018,07,PM
MANHATTAN,10028,Tortured,12,40.77882193224481,-73.95398496911395,2018,09,AM
BRONX,10474,Tortured,12,40.815002719791444,-73.88629435215104,2018,03,PM
BROOKLYN,11213,Tortured,12,40.666071898735,-73.93042366421646,2018,09,AM
BROOKLYN,11208,Tortured,12,40.67437818378098,-73.87321697670289,2018,11,AM
BROOKLYN,11212,Tortured,12,40.65577083896681,-73.91069856140035,2018,12,PM
BROOKLYN,11212,Tortured,12,40.65577083896681,-73.91069856140035,2018,12,PM
BROOKLYN,11221,Tortured,12,40.698000943240075,-73.92894419886073,2018,02,PM
STATEN ISLAND,10301,Tortured,12,40.64193724436767,-74.09596707555767,2018,07,PM
STATEN ISLAND,10306,Tortured,12,40.586490806746355,-74.10101065933401,2018,12,PM
BROOKLYN,11238,Tortured,11,40.682851146306135,-73.96021303502535,2018,09,PM
MANHATTAN,10039,Tortured,11,40.832881372177916,-73.93543843791427,2018,06,PM
BRONX,10467,Tortured,11,40.8700581754875,-73.8652654296978,2018,05,PM
STATEN ISLAND,10314,Tortured,11,40.59402693178068,-74.15800365008234,2018,11,PM
BROOKLYN,11249,Tortured,11,40.71126972911911,-73.96650843072939,2018,08,PM
MANHATTAN,10011,Tortured,11,40.74107990458314,-74.0015553392023,2018,07,PM
MANHATTAN,10026,Tortured,11,40.802439905874664,-73.94660015674866,2018,09,AM
BROOKLYN,11204,Tortured,11,40.61639306170564,-73.99673664697613,2018,08,PM
BRONX,10465,Tortured,11,40.82294251992717,-73.82447475360702,2018,12,PM
MANHATTAN,10025,Tortured,11,40.79519482782665,-73.96319409097157,2018,07,AM
MANHATTAN,10025,Tortured,11,40.79519482782665,-73.96319409097157,2018,08,AM
BROOKLYN,11204,Tortured,11,40.61639306170564,-73.99673664697613,2018,08,AM
MANHATTAN,10014,Tortured,11,40.73257937923873,-74.0028973968773,2018,02,PM
BRONX,10468,Tortured,11,40.87307043864481,-73.90196373932577,2018,10,AM
BRONX,10461,Tortured,11,40.84247719860903,-73.85227048461331,2018,10,AM
MANHATTAN,10019,Tortured,11,40.76687588351982,-73.97907601452906,2018,05,PM
BROOKLYN,11226,Tortured,11,40.65259458089108,-73.95083213431944,2018,09,PM
QUEENS,11385,Tortured,11,40.71114082949542,-73.90349683673197,2018,08,AM
BROOKLYN,11223,Tortured,11,40.59414191405,-73.97922376096645,2018,01,PM
MANHATTAN,10034,Tortured,11,NA,NA,2018,11,PM
BRONX,10456,Tortured,11,40.83217078142704,-73.9147547807977,2018,02,AM
BROOKLYN,11208,Tortured,11,40.67437818378098,-73.87321697670289,2018,08,PM
BRONX,10457,Tortured,11,40.8388142794276,-73.89933264735532,2018,07,PM
QUEENS,11364,Tortured,11,40.74598251720689,-73.77393928107377,2018,05,PM
BRONX,10465,Tortured,11,40.81809297505201,-73.81938980021795,2018,12,PM
BROOKLYN,11238,Tortured,11,40.68614252568358,-73.970678426438,2018,08,AM
MANHATTAN,10017,Tortured,11,40.75348184923692,-73.98088850486347,2018,03,PM
QUEENS,11421,Tortured,11,40.69488300393333,-73.85792745240748,2018,04,PM
QUEENS,11421,Tortured,11,40.69488300393333,-73.85792745240748,2018,07,PM
MANHATTAN,10031,Tortured,11,40.8215365341399,-73.95698315942762,2018,11,AM
QUEENS,11101,Tortured,11,40.75632870210944,-73.9473915087865,2018,08,AM
BROOKLYN,11225,Tortured,11,40.66051416718477,-73.94667412286918,2018,08,AM
MANHATTAN,10025,Tortured,11,40.803397765887546,-73.96894355786948,2018,07,PM
QUEENS,11101,Tortured,11,40.75632870210944,-73.9473915087865,2018,01,PM
BROOKLYN,11214,Tortured,11,40.6144333225334,-74.00085723534004,2018,09,AM
MANHATTAN,10031,Tortured,11,40.817924295572915,-73.9497309054128,2018,03,PM
STATEN ISLAND,10303,Tortured,11,40.6366028802625,-74.15291249078348,2018,01,PM
STATEN ISLAND,10303,Tortured,11,40.6366028802625,-74.15291249078348,2018,01,PM
QUEENS,11411,Tortured,11,40.69795255129443,-73.72855386555602,2018,03,PM
QUEENS,11378,Tortured,11,40.72744594781447,-73.89548163841005,2018,08,PM
BRONX,10468,Tortured,11,40.86350590921276,-73.89963149566644,2018,02,PM
QUEENS,11377,Tortured,11,40.74564423487339,-73.89919193500305,2018,09,AM
BROOKLYN,11233,Tortured,11,40.683845069405336,-73.91898264386607,2018,12,AM
BROOKLYN,11205,Tortured,11,40.69438106559448,-73.95779364128884,2018,01,PM
BROOKLYN,11235,Tortured,11,40.591256042814145,-73.96377457341299,2018,06,PM
MANHATTAN,10016,Tortured,11,40.7462116474382,-73.98520329010798,2018,09,AM
BRONX,10461,Tortured,11,40.84713833613842,-73.82704583184952,2018,09,AM
QUEENS,11435,Tortured,11,40.69313694237828,-73.80194305622277,2018,06,PM
BRONX,10461,Tortured,11,40.84713833613842,-73.82704583184952,2018,07,PM
BROOKLYN,11233,Tortured,11,40.679845525337974,-73.91462140736488,2018,07,PM
QUEENS,11435,Tortured,11,40.69313694237828,-73.80194305622277,2018,06,PM
BRONX,10467,Tortured,11,40.8700581754875,-73.8652654296978,2018,05,PM
MANHATTAN,10029,Tortured,11,40.794386975004024,-73.9468196986509,2018,11,AM
QUEENS,11436,Tortured,11,40.68470069078768,-73.7978937465643,2018,03,PM
MANHATTAN,10034,Tortured,11,40.865797182404705,-73.91999745659871,2018,11,AM
BROOKLYN,11219,Tortured,11,40.634538866376055,-74.00339034237459,2018,02,PM
BRONX,10467,Tortured,11,40.86316789513202,-73.86433941014931,2018,01,AM
QUEENS,11435,Tortured,11,40.70679762997218,-73.81172746970533,2018,01,PM
MANHATTAN,10019,Tortured,11,40.76634591768035,-73.97784154572211,2018,02,PM
MANHATTAN,10036,Tortured,11,40.76008990465658,-73.99450241840383,2018,01,PM
BRONX,10458,Tortured,10,40.873754653184946,-73.88497533195587,2018,09,PM
BRONX,10467,Tortured,10,40.86316789513202,-73.86433941014931,2018,05,PM
QUEENS,11374,Tortured,10,40.73081414682835,-73.86427330673158,2018,03,PM
QUEENS,11377,Tortured,10,40.74564423487339,-73.89919193500305,2018,02,PM
BRONX,10467,Tortured,10,40.86316789513202,-73.86433941014931,2018,10,PM
BROOKLYN,11215,Tortured,10,40.673975048259635,-73.98569878753527,2018,05,PM
BROOKLYN,11216,Tortured,10,40.68681131196335,-73.94549565031117,2018,11,AM
BROOKLYN,11233,Tortured,10,40.683845069405336,-73.91898264386607,2018,08,PM
QUEENS,11385,Tortured,10,40.70422177548347,-73.89467408670042,2018,11,PM
BRONX,10457,Tortured,10,40.84509735893609,-73.89370287007101,2018,08,PM
BROOKLYN,11224,Tortured,10,40.572456998718664,-73.99485982020654,2018,01,PM
MANHATTAN,10025,Tortured,10,40.802435216996834,-73.96256521110392,2018,02,PM
BRONX,10468,Tortured,10,40.87320636762383,-73.8884366482261,2018,12,PM
BROOKLYN,11223,Tortured,10,40.59479163844839,-73.97522310356956,2018,02,PM
MANHATTAN,10032,Tortured,10,40.8406084587172,-73.93674646244217,2018,06,AM
QUEENS,11379,Tortured,10,40.708565503383205,-73.87429534720194,2018,06,AM
BRONX,10460,Tortured,10,40.83698267346372,-73.88655312437187,2018,02,AM
BRONX,10460,Tortured,10,40.83698267346372,-73.88655312437187,2018,02,AM
BRONX,10467,Tortured,10,40.86316789513202,-73.86433941014931,2018,08,AM
MANHATTAN,10026,Tortured,10,40.800289772882145,-73.95734724255058,2018,02,PM
MANHATTAN,10026,Tortured,10,40.79783365975099,-73.9514652710806,2018,02,PM
BROOKLYN,11211,Tortured,10,40.71769608673264,-73.94127136807876,2018,03,PM
BROOKLYN,11226,Tortured,10,40.65276646191917,-73.96266360848362,2018,10,PM
BRONX,10467,Tortured,10,40.86316789513202,-73.86433941014931,2018,10,AM
BRONX,10453,Tortured,10,40.85268426685802,-73.91789138105312,2018,07,PM
MANHATTAN,10018,Tortured,10,40.75534936609211,-73.98931242241508,2018,09,PM
QUEENS,11421,Tortured,10,40.696503756321555,-73.85460262608343,2018,01,PM
BRONX,10472,Tortured,10,40.83170371429588,-73.85623322486842,2018,08,PM
QUEENS,11691,Tortured,10,40.59831046440868,-73.75522086304399,2018,10,PM
MANHATTAN,10003,Tortured,10,40.73521408143234,-73.99171521010928,2018,03,PM
BROOKLYN,11235,Tortured,10,40.57747684249539,-73.95515683833202,2018,12,PM
QUEENS,11368,Tortured,10,40.74089155382929,-73.85859799192811,2018,04,PM
BROOKLYN,11238,Tortured,10,40.67698798974151,-73.95929720488063,2018,08,AM
MANHATTAN,10022,Tortured,10,40.76489830047662,-73.97255342667354,2018,03,PM
BROOKLYN,11216,Tortured,10,40.6884359104142,-73.95091388060249,2018,09,AM
QUEENS,11421,Tortured,10,40.69525848165487,-73.85971172140796,2018,02,PM
MANHATTAN,10038,Tortured,10,40.71045665825773,-74.00090896847634,2018,10,PM
MANHATTAN,10030,Tortured,10,40.81853530519706,-73.9473495583289,2018,02,PM
MANHATTAN,10030,Tortured,10,40.81853530519706,-73.9473495583289,2018,02,PM
BRONX,10455,Tortured,10,40.81449228113464,-73.8981230698779,2018,03,PM
QUEENS,11372,Tortured,10,40.75247207588535,-73.87817550142945,2018,11,AM
MANHATTAN,10024,Tortured,10,40.78578702266814,-73.97853562883556,2018,04,PM
BRONX,10468,Tortured,10,40.86221042207923,-73.89964429658639,2018,05,PM
QUEENS,11105,Tortured,10,40.77043579914818,-73.91038595304428,2018,03,PM
MANHATTAN,10016,Tortured,10,40.75095971658909,-73.98272270758387,2018,05,PM
QUEENS,11421,Tortured,10,40.69068286265384,-73.85304672965908,2018,12,PM
QUEENS,11369,Tortured,10,40.75878931947358,-73.86482633136649,2018,09,AM
BROOKLYN,11216,Tortured,10,40.683533315966216,-73.94395875453164,2018,02,PM
BROOKLYN,11233,Tortured,10,40.675452565188806,-73.90930946971237,2018,07,PM
BROOKLYN,11215,Tortured,10,40.66790973190946,-73.99241928035545,2018,06,PM
STATEN ISLAND,10312,Tortured,10,40.56109157965003,-74.16982751543821,2018,11,AM
QUEENS,11374,Tortured,10,40.729936174550964,-73.8645709572512,2018,02,PM
BROOKLYN,11229,Tortured,10,40.595597269597334,-73.95327224600004,2018,02,PM
QUEENS,11374,Tortured,10,40.729746170156055,-73.86404817380075,2018,02,PM
BROOKLYN,11237,Tortured,10,40.70687202917104,-73.92054887446828,2018,01,PM
BROOKLYN,11207,Tortured,10,40.68213960368714,-73.90350275059308,2018,04,PM
MANHATTAN,10029,Tortured,10,40.79037001106577,-73.9497661559271,2018,09,PM
MANHATTAN,10033,Tortured,10,40.85161574773028,-73.93366713695104,2018,07,AM
QUEENS,11369,Tortured,10,40.76423089039443,-73.86609681410563,2018,12,PM
MANHATTAN,10168,Tortured,10,40.75144159778515,-73.97604910329608,2018,03,PM
BROOKLYN,11223,Tortured,10,40.59738995844717,-73.98537670527539,2018,12,PM
MANHATTAN,10026,Tortured,10,40.7993577324916,-73.95327730126698,2018,12,PM
MANHATTAN,10029,Tortured,10,40.79774262169146,-73.94436825277731,2018,08,AM
BROOKLYN,11232,Tortured,10,40.65167671345079,-74.01213773255155,2018,03,PM
BRONX,10468,Tortured,10,40.873217342890534,-73.88843301396166,2018,11,AM
BROOKLYN,11207,Tortured,10,40.66606550960796,-73.89048088612137,2018,02,PM
BROOKLYN,11210,Tortured,10,40.6386687767701,-73.94741581102895,2018,08,AM
BROOKLYN,11238,Tortured,10,40.67698798974151,-73.95929720488063,2018,07,AM
BRONX,10468,Tortured,10,40.873217342890534,-73.88843301396166,2018,11,AM
MANHATTAN,10029,Tortured,10,40.790056775533905,-73.94900079011198,2018,08,PM
BRONX,10468,Tortured,10,40.873217342890534,-73.88843301396166,2018,10,PM
BROOKLYN,11207,Tortured,10,40.68855305363482,-73.9124431513063,2018,10,PM
BRONX,10460,Tortured,10,40.84645356698288,-73.88543819602009,2018,04,PM
QUEENS,11356,Tortured,10,40.78455326121635,-73.8550097836195,2018,07,AM
QUEENS,11370,Tortured,10,40.76118768361539,-73.88450914288372,2018,05,PM
BRONX,10467,Tortured,10,40.859807748903336,-73.86853619067516,2018,02,PM
BROOKLYN,11238,Tortured,10,40.67698798974151,-73.95929720488063,2018,08,PM
BRONX,10455,Tortured,10,40.812038988737996,-73.9085272855887,2018,12,AM
BRONX,10463,Tortured,10,40.87199386144575,-73.90445298500013,2018,07,PM
BROOKLYN,11204,Tortured,10,40.62547492081686,-73.9872906444568,2018,11,PM
MANHATTAN,10029,Tortured,10,40.79774262169146,-73.94436825277731,2018,07,PM
BRONX,10462,Tortured,10,40.83071195783087,-73.84907332743016,2018,03,PM
MANHATTAN,10014,Tortured,10,40.73375689965592,-74.00189434650213,2018,11,AM
BROOKLYN,11207,Tortured,10,40.66606550960796,-73.89048088612137,2018,07,PM
MANHATTAN,10001,Tortured,10,40.75470481542964,-73.99731820557571,2018,09,AM
BRONX,10460,Tortured,10,40.83468888824091,-73.89613710208378,2018,10,AM
BROOKLYN,11235,Tortured,10,40.58921175247407,-73.94459238193853,2018,10,AM
BROOKLYN,11213,Tortured,10,40.675189006155485,-73.93329824205912,2018,01,PM
BRONX,10458,Tortured,09,40.857797198022176,-73.8879925446542,2018,09,PM
BROOKLYN,11233,Tortured,09,40.675452565188806,-73.90930946971237,2018,07,PM
BRONX,10451,Tortured,09,40.82878318281196,-73.92161741816375,2018,04,PM
BROOKLYN,11216,Tortured,09,40.670784275936015,-73.95092687142625,2018,09,PM
QUEENS,11355,Tortured,09,40.752631728807906,-73.81469471691491,2018,05,PM
QUEENS,11432,Tortured,09,40.70655371075359,-73.80212681618258,2018,01,AM
BRONX,10457,Tortured,09,40.85717153993044,-73.90009292697029,2018,03,PM
BRONX,10457,Tortured,09,40.84585504047779,-73.90654710155208,2018,04,PM
BROOKLYN,11231,Tortured,09,40.677200581770165,-74.01035058400049,2018,01,PM
BRONX,10467,Tortured,09,40.88131228155108,-73.87839507307851,2018,10,AM
BROOKLYN,11206,Tortured,09,40.701795857969664,-73.931663099534,2018,08,PM
QUEENS,11414,Tortured,09,40.66941382720771,-73.85110013442358,2018,06,PM
QUEENS,11414,Tortured,09,40.66941382720771,-73.85110013442358,2018,10,PM
BRONX,10453,Tortured,09,40.854223657076055,-73.91734725829622,2018,07,PM
BRONX,10459,Tortured,09,40.831461693023535,-73.89679258426295,2018,03,PM
MANHATTAN,10019,Tortured,09,40.76456918438749,-73.97363654685455,2018,06,PM
BROOKLYN,11218,Tortured,09,40.64217468806764,-73.97386867496752,2018,07,PM
BRONX,10459,Tortured,09,40.82103099845969,-73.8990235389667,2018,03,AM
BRONX,10459,Tortured,09,40.82103099845969,-73.8990235389667,2018,12,AM
QUEENS,11372,Tortured,09,40.748318461316934,-73.87741436487356,2018,09,PM
BROOKLYN,11226,Tortured,09,40.65178373013802,-73.96235783154482,2018,10,AM
BROOKLYN,11210,Tortured,09,40.630016475236744,-73.94584465849762,2018,05,PM
BROOKLYN,11233,Tortured,09,40.679020606681924,-73.92425948114754,2018,12,AM
BROOKLYN,11219,Tortured,09,40.634980821691336,-74.0011205137739,2018,11,AM
BROOKLYN,11237,Tortured,09,40.69963158861745,-73.91329414572614,2018,07,PM
BRONX,10458,Tortured,09,40.86551534004705,-73.88803739181189,2018,08,AM
BROOKLYN,11237,Tortured,09,40.704457651268164,-73.91431217003927,2018,03,PM
QUEENS,11691,Tortured,09,40.59599553669944,-73.74218707271653,2018,10,AM
BRONX,10468,Tortured,09,40.8722303566294,-73.88958087735644,2018,07,PM
BROOKLYN,11226,Tortured,09,40.65084761466193,-73.96191869666997,2018,11,AM
BRONX,10461,Tortured,09,40.837928415170545,-73.83739840276327,2018,08,PM
MANHATTAN,10128,Tortured,09,40.782615029449254,-73.94728046672941,2018,11,AM
BROOKLYN,11216,Tortured,09,40.6884359104142,-73.95091388060249,2018,09,AM
MANHATTAN,10030,Tortured,09,40.819948140527735,-73.94584906496696,2018,11,AM
BRONX,10464,Tortured,09,40.85013033740994,-73.78775095775912,2018,08,PM
QUEENS,11102,Tortured,09,40.772518506955485,-73.91697931652223,2018,09,PM
BROOKLYN,11216,Tortured,09,40.6884359104142,-73.95091388060249,2018,05,PM
QUEENS,11102,Tortured,09,40.768968898290936,-73.92825835931279,2018,07,PM
STATEN ISLAND,10314,Tortured,09,40.60666129807584,-74.14549702504912,2018,12,PM
MANHATTAN,10031,Tortured,09,40.823383690585345,-73.9500772557293,2018,09,PM
QUEENS,11367,Tortured,09,40.72668580106119,-73.82182031612965,2018,07,PM
BRONX,10470,Tortured,09,40.90615168764874,-73.8482580670801,2018,06,AM
MANHATTAN,10009,Tortured,09,40.73226729331666,-73.97872606208618,2018,02,AM
MANHATTAN,10036,Tortured,09,40.75979022599973,-73.98792558913458,2018,12,AM
BRONX,10463,Tortured,09,40.884378641037145,-73.89578100570972,2018,09,PM
BRONX,10468,Tortured,09,40.873217342890534,-73.88843301396166,2018,12,PM
BROOKLYN,11221,Tortured,09,40.69284089849432,-73.93870049988708,2018,04,PM
MANHATTAN,10039,Tortured,09,40.82663165895165,-73.93544088850665,2018,09,PM
QUEENS,11101,Tortured,09,40.75775526517056,-73.94587074901416,2018,10,AM
BROOKLYN,11219,Tortured,09,40.63145625797648,-73.99224688651346,2018,05,PM
STATEN ISLAND,10301,Tortured,09,40.638654117111976,-74.08601769178256,2018,05,PM
MANHATTAN,10030,Tortured,09,40.819066366414866,-73.93891661706401,2018,10,PM
BROOKLYN,11204,Tortured,09,40.62603434222769,-73.98326299293294,2018,06,AM
MANHATTAN,10022,Tortured,09,40.76229397770745,-73.97445687774159,2018,07,AM
MANHATTAN,10022,Tortured,09,40.76229397770745,-73.97445687774159,2018,06,PM
MANHATTAN,10029,Tortured,09,40.78940004340885,-73.94165230700224,2018,03,PM
MANHATTAN,10019,Tortured,09,40.76432291713917,-73.97719604038008,2018,05,PM
MANHATTAN,10022,Tortured,09,40.761668277085114,-73.97491556118797,2018,02,PM
BROOKLYN,11211,Tortured,09,40.70617053043917,-73.95972662785782,2018,04,PM
BROOKLYN,11211,Tortured,09,40.70589894693268,-73.96015239097372,2018,11,AM
MANHATTAN,10022,Tortured,09,40.76229397770745,-73.97445687774159,2018,01,PM
MANHATTAN,10022,Tortured,09,40.76229397770745,-73.97445687774159,2018,01,PM
MANHATTAN,10029,Tortured,09,40.78887513802842,-73.94035993341167,2018,02,PM
MANHATTAN,10023,Tortured,09,40.780385616284,-73.9798119844851,2018,11,AM
MANHATTAN,10023,Tortured,09,40.780385616284,-73.9798119844851,2018,11,AM
BROOKLYN,11209,Tortured,09,40.6291868591868,-74.02380614886987,2018,11,PM
BRONX,10467,Tortured,09,40.87561653567573,-73.87791371671449,2018,01,AM
STATEN ISLAND,10312,Tortured,09,40.54333151202437,-74.17241971735255,2018,09,PM
MANHATTAN,10029,Tortured,09,40.78940004340885,-73.94165230700224,2018,10,AM
BRONX,10472,Tortured,09,40.825259196561575,-73.87018343562083,2018,03,PM
QUEENS,11413,Tortured,09,40.67948929311311,-73.7396325750243,2018,11,PM
BROOKLYN,11223,Tortured,09,40.59738995844717,-73.98537670527539,2018,08,AM
MANHATTAN,10014,Tortured,09,40.73201390722344,-74.00452827176174,2018,06,AM
BRONX,10458,Tortured,09,40.870408512272974,-73.88739640588304,2018,07,PM
MANHATTAN,10016,Tortured,09,40.75095971658909,-73.98272270758387,2018,04,PM
QUEENS,11421,Tortured,09,40.69415743480214,-73.86165414173938,2018,11,AM
BROOKLYN,11249,Tortured,09,40.7242385739986,-73.95772061557528,2018,10,AM
BROOKLYN,11208,Tortured,09,40.6640589259103,-73.87423143582079,2018,06,PM
BROOKLYN,11233,Tortured,09,40.681855681199956,-73.91979989752376,2018,12,PM
BROOKLYN,11226,Tortured,09,40.65038812799781,-73.95870799934544,2018,11,PM
BRONX,10465,Tortured,09,40.835993472724006,-73.8172849355178,2018,11,AM
BRONX,10465,Tortured,09,40.835993472724006,-73.8172849355178,2018,11,AM
BRONX,10460,Tortured,09,40.84063500070818,-73.88565783258655,2018,10,AM
BRONX,10453,Tortured,09,40.85175441394754,-73.92273620228266,2018,08,AM
QUEENS,11436,Tortured,09,40.67130640195619,-73.79036041764407,2018,09,AM
BROOKLYN,11226,Tortured,09,40.65370873659166,-73.9571274139967,2018,02,PM
BRONX,10472,Tortured,09,40.82554183914873,-73.86534111539737,2018,08,PM
BRONX,10472,Tortured,09,40.82554183914873,-73.86534111539737,2018,10,PM
BRONX,10468,Tortured,09,40.873217342890534,-73.88843301396166,2018,04,PM
STATEN ISLAND,10314,Tortured,09,40.59402693178068,-74.15800365008234,2018,10,AM
BROOKLYN,11221,Tortured,08,40.68791956858557,-73.92921095362604,2018,01,PM
BROOKLYN,11213,Tortured,08,40.67674520918069,-73.93315247778841,2018,12,PM
QUEENS,11419,Tortured,08,40.68548050892454,-73.82668269816199,2018,11,PM
BRONX,10462,Tortured,08,40.83316172397391,-73.85449551039405,2018,06,PM
QUEENS,11421,Tortured,08,40.68895291377353,-73.86592706531766,2018,02,PM
QUEENS,11379,Tortured,08,40.72646737133333,-73.88259219201868,2018,06,PM
BRONX,10456,Tortured,08,40.830764847529764,-73.91765102879948,2018,09,AM
MANHATTAN,10009,Tortured,08,40.722600314690645,-73.97901776192485,2018,01,PM
BRONX,10470,Tortured,08,40.90615168764874,-73.8482580670801,2018,01,PM
QUEENS,11373,Tortured,08,40.73025435012693,-73.88729768856885,2018,08,PM
BROOKLYN,11237,Tortured,08,40.70168886746371,-73.91905112243536,2018,12,AM
BRONX,10460,Tortured,08,40.84707604588779,-73.88214799349808,2018,04,PM
QUEENS,11355,Tortured,08,40.75184984688696,-73.83288037591043,2018,10,AM
MANHATTAN,10003,Tortured,08,40.732447337237694,-73.9912789609144,2018,02,PM
QUEENS,11103,Tortured,08,40.767727160970566,-73.90744734870862,2018,04,PM
QUEENS,11103,Tortured,08,40.767727160970566,-73.90744734870862,2018,05,PM
BROOKLYN,11207,Tortured,08,40.68863274514745,-73.91256564518862,2018,05,PM
QUEENS,11369,Tortured,08,40.763910016637816,-73.87872494694452,2018,09,AM
QUEENS,11104,Tortured,08,40.746505890326006,-73.91991334545592,2018,05,PM
BRONX,10473,Tortured,08,40.821439456048715,-73.86617680250876,2018,11,PM
STATEN ISLAND,10303,Tortured,08,40.63868048482088,-74.16497337106469,2018,02,AM
BROOKLYN,11208,Tortured,08,40.682282753677775,-73.87793596666883,2018,08,AM
QUEENS,11377,Tortured,08,40.75463980225693,-73.90693133951618,2018,02,PM
BRONX,10460,Tortured,08,40.84707604588779,-73.88214799349808,2018,03,PM
QUEENS,11421,Tortured,08,40.694477545476424,-73.85415266879237,2018,09,PM
STATEN ISLAND,10303,Tortured,08,40.63868048482088,-74.16497337106469,2018,09,AM
BRONX,10462,Tortured,08,40.83316172397391,-73.85449551039405,2018,09,PM
BROOKLYN,11237,Tortured,08,40.7071825372563,-73.92105706911293,2018,06,PM
BRONX,10458,Tortured,08,40.85488918878703,-73.89232080644157,2018,01,PM
BRONX,10455,Tortured,08,40.81543426643895,-73.90519892617156,2018,10,AM
BRONX,10455,Tortured,08,40.81543426643895,-73.90519892617156,2018,03,PM
QUEENS,11103,Tortured,08,40.767727160970566,-73.90744734870862,2018,12,PM
STATEN ISLAND,10314,Tortured,08,40.59402693178068,-74.15800365008234,2018,11,PM
BROOKLYN,11208,Tortured,08,40.67280640704059,-73.87162656101286,2018,08,PM
MANHATTAN,10027,Tortured,08,40.814224320719624,-73.94952055422276,2018,10,AM
MANHATTAN,10009,Tortured,08,40.7262311444771,-73.97650914792298,2018,05,PM
STATEN ISLAND,10314,Tortured,08,40.6098650952254,-74.12888268305225,2018,10,AM
BRONX,10451,Tortured,08,40.82603208897187,-73.9164428223918,2018,11,AM
MANHATTAN,10009,Tortured,08,40.7262311444771,-73.97650914792298,2018,05,PM
STATEN ISLAND,10305,Tortured,08,40.594483694744575,-74.06722966706447,2018,03,PM
STATEN ISLAND,10305,Tortured,08,40.594483694744575,-74.06722966706447,2018,06,PM
BRONX,10461,Tortured,08,40.84117910212239,-73.84608962354898,2018,12,PM
BRONX,10459,Tortured,08,40.82208801817637,-73.89033972476959,2018,10,AM
BRONX,10473,Tortured,08,40.82337577056312,-73.86492637415863,2018,09,AM
BROOKLYN,11224,Tortured,08,40.57445243433088,-73.99408933657737,2018,09,AM
STATEN ISLAND,10302,Tortured,08,40.63743106314237,-74.14281857069709,2018,09,AM
BRONX,10456,Tortured,08,40.83694066292417,-73.90374441298103,2018,02,PM
BRONX,10454,Tortured,08,40.810387512433735,-73.92489749882706,2018,05,PM
BROOKLYN,11221,Tortured,08,40.68709929523037,-73.92988610070498,2018,03,PM
BROOKLYN,11208,Tortured,08,40.67482671224096,-73.87175966584526,2018,06,PM
QUEENS,11377,Tortured,08,40.74564423487339,-73.89919193500305,2018,12,PM
MANHATTAN,10023,Tortured,08,40.77816682413556,-73.9745338347783,2018,02,PM
BRONX,10458,Tortured,08,40.867955361957435,-73.88250147082536,2018,01,PM
QUEENS,11374,Tortured,08,40.72822762904217,-73.87059615441805,2018,12,AM
QUEENS,11101,Tortured,08,40.751704693405955,-73.93813381994605,2018,11,AM
QUEENS,11365,Tortured,08,40.73231679778057,-73.79163701631806,2018,07,PM
QUEENS,11373,Tortured,08,40.73274021885592,-73.8683575061072,2018,11,PM
BROOKLYN,11238,Tortured,08,40.67242157242725,-73.96189195870629,2018,08,PM
MANHATTAN,10018,Tortured,08,40.75351582573061,-73.98878575158321,2018,06,PM
BRONX,10458,Tortured,08,40.867955361957435,-73.88250147082536,2018,04,PM
BROOKLYN,11213,Tortured,08,40.67467416625938,-73.94044763743929,2018,05,AM
BROOKLYN,11226,Tortured,08,40.65494689537713,-73.95783660963446,2018,12,PM
BRONX,10474,Tortured,07,40.82016445310439,-73.88798724001937,2018,11,AM
STATEN ISLAND,10314,Tortured,07,40.62085636152833,-74.16069675295621,2018,09,AM
MANHATTAN,10019,Tortured,07,40.76405592808334,-73.99224228078415,2018,08,PM
BROOKLYN,11233,Tortured,07,40.68424665372896,-73.9285478164454,2018,09,AM
MANHATTAN,10020,Tortured,07,40.75927051662176,-73.98088684394885,2018,09,PM
QUEENS,11368,Tortured,07,40.75533652791472,-73.84324519957711,2018,02,PM
BROOKLYN,11221,Tortured,07,40.68921667770729,-73.91529452346732,2018,10,PM
STATEN ISLAND,10306,Tortured,07,40.56244204976058,-74.11706195670833,2018,02,PM
QUEENS,11413,Tortured,07,40.6707027231148,-73.748033809501635,2018,07,AM
QUEENS,11413,Tortured,07,40.6698940900982,-73.74852712240137,2018,06,PM
QUEENS,11427,Tortured,07,40.72227182892612,-73.7570672659702,2018,04,PM
BRONX,10472,Tortured,07,40.827451748924204,-73.87987381246695,2018,10,AM
BROOKLYN,11212,Tortured,07,40.66362241390385,-73.92426975630698,2018,07,PM
BRONX,10456,Tortured,07,40.82696430989486,-73.91509749109491,2018,03,PM
QUEENS,11691,Tortured,07,40.59599553669944,-73.74218707271653,2018,03,PM
BROOKLYN,11207,Tortured,07,40.685660435985284,-73.9129337160166,2018,11,AM
BROOKLYN,11223,Tortured,07,40.59738995844717,-73.98537670527539,2018,08,AM
QUEENS,11354,Tortured,07,40.76331056163536,-73.81578768144276,2018,03,PM
QUEENS,11691,Tortured,07,40.59599553669944,-73.74218707271653,2018,09,AM
BRONX,10458,Tortured,07,40.862997046199524,-73.89531198771142,2018,12,PM
BRONX,10458,Tortured,07,40.862997046199524,-73.89531198771142,2018,01,PM
BROOKLYN,11223,Tortured,07,40.60512221258854,-73.98670029995704,2018,03,PM
BROOKLYN,11219,Tortured,07,40.641675325013274,-73.9971101536776,2018,02,PM
STATEN ISLAND,10305,Tortured,07,40.612415834423906,-74.07115919590893,2018,01,PM
BROOKLYN,11206,Tortured,07,40.70072554817225,-73.94193187995255,2018,12,PM
STATEN ISLAND,10314,Tortured,07,40.59402693178068,-74.15800365008234,2018,07,AM
BROOKLYN,11221,Tortured,07,40.696703261435765,-73.92554125835909,2018,01,PM
QUEENS,11412,Tortured,07,40.693039950297724,-73.75966558192727,2018,11,AM
BROOKLYN,11221,Tortured,07,40.696703261435765,-73.92554125835909,2018,01,PM
BROOKLYN,11201,Tortured,07,40.70100268786659,-73.98478415003956,2018,09,PM
MANHATTAN,10027,Tortured,07,40.8137779264397,-73.95184741884904,2018,01,AM
MANHATTAN,10036,Tortured,07,40.75551612733907,-73.98362389022031,2018,05,PM
BROOKLYN,11201,Tortured,07,40.70100268786659,-73.98478415003956,2018,07,AM
BROOKLYN,11204,Tortured,07,40.612824037632784,-73.9861116815174,2018,06,PM
BROOKLYN,11223,Tortured,07,40.59738995844717,-73.98537670527539,2018,07,AM
STATEN ISLAND,10301,Tortured,07,40.64401057956228,-74.08781910399999,2018,07,AM
BROOKLYN,11230,Tortured,07,40.62517819324855,-73.96139298136598,2018,01,PM
MANHATTAN,10029,Tortured,07,40.791905909014986,-73.94150565355069,2018,08,PM
BROOKLYN,11236,Tortured,07,40.63126819377184,-73.88874022303034,2018,06,PM
BROOKLYN,11226,Tortured,07,40.65354385362773,-73.94985476663489,2018,03,PM
QUEENS,11372,Tortured,07,40.754691347325895,-73.89355477412126,2018,10,AM
MANHATTAN,10036,Tortured,07,40.75966726098436,-73.99559257745614,2018,03,PM
BROOKLYN,11228,Tortured,07,40.615226438201965,-74.00552527158146,2018,09,PM
BROOKLYN,11226,Tortured,07,40.65354385362773,-73.94985476663489,2018,01,PM
STATEN ISLAND,10306,Tortured,07,40.56130168735182,-74.1156023765675,2018,01,PM
BRONX,10465,Tortured,07,40.84850066905743,-73.82048556733403,2018,09,AM
MANHATTAN,10030,Tortured,07,40.819005905973995,-73.93877215647238,2018,11,AM
MANHATTAN,10003,Tortured,07,40.732447337237694,-73.9912789609144,2018,02,PM
BROOKLYN,11223,Tortured,07,40.59738995844717,-73.98537670527539,2018,11,PM
MANHATTAN,10031,Tortured,07,40.82640210227574,-73.94831531230986,2018,05,PM
BROOKLYN,11223,Tortured,07,40.59738995844717,-73.98537670527539,2018,07,AM
STATEN ISLAND,10305,Tortured,07,40.60771811577359,-74.06416734087675,2018,01,PM
QUEENS,11422,Tortured,07,40.654716886129926,-73.7429908945204,2018,09,PM
BROOKLYN,11213,Tortured,07,40.676914479757606,-73.93639699227184,2018,07,PM
MANHATTAN,10027,Tortured,07,40.80876695015116,-73.94186290693024,2018,06,PM
MANHATTAN,10027,Tortured,07,40.80876695015116,-73.94186290693024,2018,06,PM
BRONX,10452,Tortured,07,40.84571916406527,-73.91925174662715,2018,11,AM
BROOKLYN,11213,Tortured,07,40.672672583137214,-73.94466003556693,2018,02,PM
QUEENS,11421,Tortured,07,40.69514470265117,-73.86094888534394,2018,12,PM
BROOKLYN,11224,Tortured,07,40.57676627092048,-73.9934807659679,2018,05,AM
BRONX,10465,Tortured,07,40.82056242412018,-73.82240717341276,2018,01,PM
BROOKLYN,11226,Tortured,07,40.65354385362773,-73.94985476663489,2018,06,PM
BROOKLYN,11237,Tortured,07,40.69918175881262,-73.9137094678463,2018,12,PM
BROOKLYN,11226,Tortured,07,40.65354385362773,-73.94985476663489,2018,06,PM
MANHATTAN,10034,Tortured,07,40.86546235227003,-73.9240941378182,2018,12,PM
BROOKLYN,11234,Tortured,07,40.627878321584106,-73.92202629457462,2018,10,AM
MANHATTAN,10030,Tortured,07,40.81546942279544,-73.94728334234475,2018,04,AM
BRONX,10463,Tortured,07,40.877595224747054,-73.90378319161306,2018,10,AM
BROOKLYN,11226,Tortured,07,40.65354385362773,-73.94985476663489,2018,03,PM
MANHATTAN,10023,Tortured,07,40.773600921845265,-73.98157232460876,2018,01,PM
QUEENS,11433,Tortured,07,40.69787228403313,-73.78251241625982,2018,12,AM
QUEENS,11106,Tortured,06,40.75658004643264,-73.92975160428226,2018,09,PM
BROOKLYN,11226,Tortured,06,40.65354385362773,-73.94985476663489,2018,05,AM
BROOKLYN,11226,Tortured,06,40.65354385362773,-73.94985476663489,2018,05,AM
STATEN ISLAND,10306,Tortured,06,40.563507652134625,-74.11645557830435,2018,08,PM
STATEN ISLAND,10306,Tortured,06,40.563507652134625,-74.11645557830435,2018,09,PM
BRONX,10459,Tortured,06,40.82597633226107,-73.889343277295,2018,11,PM
STATEN ISLAND,10302,Tortured,06,40.63296125876236,-74.14163808395011,2018,04,PM
STATEN ISLAND,10302,Tortured,06,40.63296125876236,-74.14163808395011,2018,03,PM
BROOKLYN,11207,Tortured,06,40.6572408775542,-73.88747149729939,2018,11,AM
BRONX,10467,Tortured,06,40.86607878707076,-73.87042914232319,2018,12,PM
BRONX,10467,Tortured,06,40.86607878707076,-73.87042914232319,2018,12,PM
BROOKLYN,11237,Tortured,06,40.70637141181718,-73.92723286796726,2018,03,PM
BRONX,10453,Tortured,06,40.85208357687659,-73.92243579986952,2018,07,PM
QUEENS,11433,Tortured,06,40.69382076139127,-73.7927994919037,2018,02,PM
STATEN ISLAND,10304,Tortured,06,40.62507253225121,-74.07476428735787,2018,04,PM
BROOKLYN,11219,Tortured,06,40.62803640618032,-74.00493911427145,2018,05,PM
BROOKLYN,11235,Tortured,06,40.577292166801996,-73.96052790372441,2018,09,AM
QUEENS,11357,Tortured,06,40.781733998033076,-73.80294333740986,2018,12,AM
STATEN ISLAND,10301,Tortured,06,40.64191428951823,-74.0792620771454,2018,04,PM
BROOKLYN,11226,Tortured,06,40.65470616205533,-73.9601000762072,2018,07,PM
BROOKLYN,11207,Tortured,06,40.65802636341788,-73.88246035384475,2018,12,PM
BRONX,10459,Tortured,06,40.82103099845969,-73.8990235389667,2018,03,PM
BROOKLYN,11223,Tortured,06,40.59738995844717,-73.98537670527539,2018,11,PM
MANHATTAN,10014,Tortured,06,40.73814834132162,-74.00641955151404,2018,09,AM
BRONX,10453,Tortured,06,40.853479723408476,-73.90985836760993,2018,04,PM
BROOKLYN,11223,Tortured,06,40.59738995844717,-73.98537670527539,2018,04,AM
BROOKLYN,11221,Tortured,06,40.694711509424884,-73.92281722021872,2018,01,AM
BROOKLYN,11232,Tortured,06,40.65351357185713,-74.0030813678837,2018,02,PM
QUEENS,11357,Tortured,06,40.781733998033076,-73.80294333740986,2018,12,PM
BRONX,10457,Tortured,06,40.845149475008064,-73.89366664355344,2018,09,AM
MANHATTAN,10030,Tortured,06,40.815513325091075,-73.9472544058698,2018,07,AM
STATEN ISLAND,10314,Tortured,06,40.611838226530516,-74.12675429021297,2018,09,AM
MANHATTAN,10009,Tortured,06,40.73000753861665,-73.97466769783162,2018,10,AM
QUEENS,11436,Tortured,06,40.68475014087197,-73.7979188361463,2018,09,AM
BROOKLYN,11215,Tortured,06,40.66161809900565,-73.98600780878915,2018,02,PM
QUEENS,11357,Tortured,06,40.781733998033076,-73.80294333740986,2018,09,PM
BROOKLYN,11236,Tortured,06,40.6495555316884,-73.89328285798437,2018,07,PM
BROOKLYN,11216,Tortured,06,40.68725444960614,-73.94815634142725,2018,02,PM
QUEENS,11103,Tortured,06,40.758230025083435,-73.91051427221889,2018,03,PM
QUEENS,11385,Tortured,06,40.70829323540871,-73.90526834160897,2018,12,PM
BROOKLYN,11249,Tortured,06,40.719228842414324,-73.96420285077822,2018,09,AM
STATEN ISLAND,10304,Tortured,06,40.62096795943105,-74.08430187326834,2018,02,AM
QUEENS,11385,Tortured,06,40.70829323540871,-73.90526834160897,2018,07,PM
STATEN ISLAND,10310,Tortured,06,40.62553521031267,-74.1312401138423,2018,03,AM
MANHATTAN,10027,Tortured,06,40.817343949772905,-73.95338389635391,2018,03,PM
BROOKLYN,11221,Tortured,06,40.68756988974404,-73.9192160997247,2018,05,PM
QUEENS,11416,Tortured,06,40.68745985650627,-73.84625333333084,2018,08,PM
QUEENS,11433,Tortured,06,40.70753055918456,-73.78659995072763,2018,10,PM
BRONX,10470,Tortured,06,40.9061461650206,-73.84823275618243,2018,01,PM
BROOKLYN,11201,Tortured,06,40.70100268786659,-73.98478415003956,2018,07,AM
BROOKLYN,11224,Tortured,06,40.57645898902369,-73.99664860355769,2018,02,PM
BRONX,10454,Tortured,06,40.80517024580093,-73.921461004977715,2018,05,PM
QUEENS,11104,Tortured,06,40.74380799475082,-73.92425800481875,2018,10,AM
BRONX,10470,Tortured,06,40.9061461650206,-73.84823275618243,2018,05,PM
MANHATTAN,10021,Tortured,06,40.77014787028271,-73.95945688273609,2018,03,PM
QUEENS,11104,Tortured,06,40.73931266766753,-73.92514000030327,2018,04,PM
BROOKLYN,11223,Tortured,06,40.59738995844717,-73.98537670527539,2018,07,PM
MANHATTAN,10003,Tortured,06,40.72786646677425,-73.99314487578987,2018,03,PM
BRONX,10460,Tortured,06,40.83543758736151,-73.88674367644097,2018,07,AM
BRONX,10457,Tortured,06,40.8544808138621,-73.89295044817727,2018,10,PM
BRONX,10452,Tortured,06,40.84571916406527,-73.91925174662715,2018,01,PM
QUEENS,11413,Tortured,06,40.66403259943498,-73.74915838444032,2018,07,AM
QUEENS,11385,Tortured,06,40.70829323540871,-73.90526834160897,2018,04,PM
BRONX,10460,Tortured,06,40.83158427029881,-73.88701041389376,2018,02,PM
MANHATTAN,10065,Tortured,06,40.766296759764245,-73.96734355947298,2018,08,PM
MANHATTAN,10065,Tortured,06,40.766296759764245,-73.96734355947298,2018,08,PM
QUEENS,11416,Tortured,06,40.68131791674137,-73.85108797637496,2018,07,AM
BROOKLYN,11216,Tortured,06,40.68681131196335,-73.94549565031117,2018,09,PM
BROOKLYN,11223,Tortured,06,40.59738995844717,-73.98537670527539,2018,12,PM
MANHATTAN,10003,Tortured,06,40.72797584812249,-73.98811896783015,2018,10,PM
BROOKLYN,11207,Tortured,06,40.67335891762747,-73.90011232205211,2018,07,AM
BROOKLYN,11210,Tortured,06,40.63767170319662,-73.95205736900033,2018,04,PM
BRONX,10468,Tortured,06,40.86964785989598,-73.90203025141037,2018,05,PM
QUEENS,11377,Tortured,06,40.74622789283599,-73.91499828143765,2018,02,PM
MANHATTAN,10023,Tortured,06,40.77879404063979,-73.98205472388632,2018,08,PM
STATEN ISLAND,10306,Tortured,06,40.58744377950003,-74.1035035609127,2018,10,AM
BROOKLYN,11249,Tortured,06,40.71681440331107,-73.95883278525058,2018,02,PM
BROOKLYN,11205,Tortured,06,40.694317907496355,-73.97710098115013,2018,12,PM
MANHATTAN,10027,Tortured,05,40.80908580180059,-73.94861774822319,2018,08,AM
BROOKLYN,11221,Tortured,05,40.68842211147345,-73.9172426796604,2018,01,PM
BROOKLYN,11205,Tortured,05,40.694317907496355,-73.97710098115013,2018,06,PM
MANHATTAN,10027,Tortured,05,40.8128232705935,-73.9603918284767,2018,10,PM
BROOKLYN,11230,Tortured,05,40.62244510506833,-73.95578223818565,2018,03,AM
BROOKLYN,11226,Tortured,05,40.6552905123893,-73.95214922442237,2018,02,PM
BRONX,10463,Tortured,05,40.87942566612055,-73.89710867789333,2018,10,AM
BROOKLYN,11235,Tortured,05,40.578100698016655,-73.95721554527995,2018,02,AM
BROOKLYN,11211,Tortured,06,40.71292792901815,-73.94583500968486,2018,02,PM
BROOKLYN,11230,Tortured,06,40.62244510506833,-73.95578223818565,2018,04,AM
BRONX,10457,Tortured,05,40.85108181557838,-73.8947885441733,2018,03,PM
MANHATTAN,10034,Tortured,05,40.86688218990825,-73.92536517445778,2018,11,AM
BROOKLYN,11212,Tortured,05,40.65729827282237,-73.91996998230053,2018,05,PM
MANHATTAN,10034,Tortured,05,40.86688218990825,-73.92536517445778,2018,08,PM
QUEENS,11365,Tortured,05,40.72850279967369,-73.80813391191867,2018,08,AM
STATEN ISLAND,10314,Tortured,05,40.59402693178068,-74.15800365008234,2018,07,AM
BRONX,10452,Tortured,05,40.84571916406527,-73.91925174662715,2018,10,AM
BROOKLYN,11238,Tortured,05,40.68356533536415,-73.96183150693625,2018,09,PM
BROOKLYN,11223,Tortured,05,40.59738995844717,-73.98537670527539,2018,01,PM
BROOKLYN,11238,Tortured,05,40.684458181121464,-73.95634686025745,2018,09,PM
BRONX,10468,Tortured,05,40.8703413179475,-73.89471829860192,2018,02,PM
MANHATTAN,10025,Tortured,05,40.79827423733825,-73.9626470101132,2018,08,AM
BROOKLYN,11205,Tortured,05,40.69352432267923,-73.96484411321394,2018,04,PM
BROOKLYN,11233,Tortured,05,40.683845069405336,-73.91898264386607,2018,01,PM
STATEN ISLAND,10303,Tortured,05,40.636085897776475,-74.16358340318395,2018,03,PM
QUEENS,11385,Tortured,05,40.704158337253055,-73.88851758461921,2018,10,PM
QUEENS,11385,Tortured,05,40.696943166346394,-73.90145459002966,2018,08,PM
QUEENS,11385,Tortured,05,40.696943166346394,-73.90145459002966,2018,07,PM
BRONX,10455,Tortured,05,40.81097355989611,-73.9079290803259,2018,05,PM
QUEENS,11373,Tortured,05,40.743956060128475,-73.88171690507232,2018,10,AM
QUEENS,11692,Tortured,05,40.59505534933133,-73.79457148994774,2018,01,PM
QUEENS,11373,Tortured,05,40.74605804605025,-73.87350281452531,2018,10,AM
QUEENS,11415,Tortured,05,40.70539344000473,-73.8228149833425,2018,11,AM
BROOKLYN,11207,Tortured,05,40.67722088243857,-73.89707094027152,2018,12,AM
BROOKLYN,11206,Tortured,05,40.69845830781489,-73.94180763176239,2018,10,AM
BROOKLYN,11203,Tortured,05,40.6381259072437,-73.93763019540141,2018,03,PM
BRONX,10459,Tortured,05,40.82100085403234,-73.89907777988832,2018,02,PM
MANHATTAN,10034,Tortured,05,40.86688218990825,-73.92536517445778,2018,04,PM
STATEN ISLAND,10304,Tortured,05,40.633025857738104,-74.08425945980258,2018,07,PM
BRONX,10468,Tortured,05,40.86929429162569,-73.89330624255894,2018,03,PM
BRONX,10459,Tortured,05,40.82597633226107,-73.889343277295,2018,09,PM
BRONX,10462,Tortured,05,40.83589642016785,-73.85970066278499,2018,03,PM
MANHATTAN,10026,Tortured,05,40.79946211537392,-73.9534831029444,2018,12,PM
BROOKLYN,11234,Tortured,05,40.6134497462738,-73.93673119570387,2018,03,PM
STATEN ISLAND,10304,Tortured,05,40.633025857738104,-74.08425945980258,2018,06,PM
BRONX,10468,Tortured,05,40.86524311270885,-73.90591969676916,2018,06,PM
STATEN ISLAND,10312,Tortured,05,40.536686568405436,-74.16666792664341,2018,04,PM
STATEN ISLAND,10314,Tortured,05,40.61998509200857,-74.13374709209943,2018,08,AM
BRONX,10456,Tortured,05,40.83436712694572,-73.91553614766035,2018,11,AM
BROOKLYN,11221,Tortured,05,40.69814264633958,-73.92730315733226,2018,10,AM
BRONX,10454,Tortured,05,40.80517024580093,-73.921461004977715,2018,12,PM
BRONX,10468,Tortured,05,40.863974007488046,-73.89820995792564,2018,07,AM
MANHATTAN,10030,Tortured,05,40.81823743285434,-73.93886318501868,2018,04,PM
STATEN ISLAND,10312,Tortured,05,40.547810030523515,-74.1953413051265,2018,01,PM
MANHATTAN,10029,Tortured,05,40.786572509378054,-73.94075199937288,2018,11,AM
QUEENS,11373,Tortured,05,40.743956060128475,-73.88171690507232,2018,12,AM
BRONX,10469,Tortured,05,40.88267869131447,-73.85214860743221,2018,11,AM
MANHATTAN,10009,Tortured,05,40.732030336582675,-73.97427724478227,2018,12,PM
BROOKLYN,11207,Tortured,05,40.659168239592965,-73.87984886643525,2018,12,PM
BROOKLYN,11201,Tortured,05,40.70387978885381,-73.99017905961351,2018,07,AM
BROOKLYN,11235,Tortured,05,40.577292166801996,-73.96052790372441,2018,12,PM
STATEN ISLAND,10304,Tortured,05,40.61967612754288,-74.08297466387187,2018,04,PM
MANHATTAN,10026,Tortured,05,40.8064814434137,-73.95619820049014,2018,01,PM
BRONX,10471,Tortured,05,40.909422278324655,-73.90341874363223,2018,12,PM
BROOKLYN,11234,Tortured,05,40.62017589225393,-73.91732009040336,2018,08,PM
BROOKLYN,11235,Tortured,05,40.578100698016655,-73.95721554527995,2018,08,PM
BRONX,10468,Tortured,05,40.86404894106437,-73.90234218911554,2018,12,PM
MANHATTAN,10029,Tortured,05,40.790016651275245,-73.93979193218131,2018,03,PM
BROOKLYN,11234,Tortured,05,40.6324336928938,-73.9205942624685,2018,08,PM
QUEENS,11434,Tortured,05,40.6845648032059,-73.7820906926867,2018,10,AM
BROOKLYN,11216,Tortured,05,40.69114049279458,-73.9469453187712,2018,05,AM
BROOKLYN,11224,Tortured,05,40.574408517096686,-73.99408214112192,2018,01,AM
MANHATTAN,10023,Tortured,05,40.77879404063979,-73.98205472388632,2018,06,PM
BRONX,10464,Tortured,05,40.85013033740994,-73.78775095775912,2018,07,PM
BROOKLYN,11204,Tortured,05,40.61299713633645,-73.9876603987398,2018,02,PM
BROOKLYN,11223,Tortured,05,40.60195184177134,-73.9710539089494,2018,07,PM
MANHATTAN,10027,Tortured,05,40.813099639705094,-73.95799652274513,2018,09,AM
BROOKLYN,11233,Tortured,05,40.67902910609545,-73.92466326725277,2018,08,AM
BRONX,10455,Tortured,05,40.81377672368173,-73.9161764247505,2018,08,AM
MANHATTAN,10028,Tortured,05,40.7759160820416,-73.95610276755188,2018,09,PM
BRONX,10453,Tortured,05,40.84700481544166,-73.92088029097887,2018,08,PM
QUEENS,11104,Tortured,05,40.740525697079335,-73.92490768397326,2018,08,PM
BROOKLYN,11239,Tortured,04,40.650013308434986,-73.88415021596411,2018,11,AM
BROOKLYN,11201,Tortured,04,40.694686531717544,-73.98171313919345,2018,01,PM
MANHATTAN,10030,Tortured,04,40.81686876100441,-73.94626704101988,2018,01,PM
MANHATTAN,10002,Tortured,04,40.71157850602321,-73.98674037949098,2018,10,AM
QUEENS,11356,Tortured,04,40.781191290407094,-73.83873575896853,2018,02,PM
STATEN ISLAND,10303,Tortured,04,40.63320018211656,-74.15636703064577,2018,08,PM
QUEENS,11385,Tortured,04,40.70224348941209,-73.91182287256083,2018,07,PM
QUEENS,11385,Tortured,04,40.701776937489605,-73.91189922720531,2018,07,PM
BROOKLYN,11225,Tortured,04,40.662453199279554,-73.94936868091855,2018,03,PM
STATEN ISLAND,10303,Tortured,04,40.63320018211656,-74.15636703064577,2018,09,PM
BROOKLYN,11234,Tortured,04,40.61857199390965,-73.91234764024914,2018,11,AM
BROOKLYN,11214,Tortured,04,40.60370940910074,-73.99917531360687,2018,04,PM
BROOKLYN,11234,Tortured,04,40.617542933216015,-73.94333337999527,2018,08,PM
STATEN ISLAND,10301,Tortured,04,40.64309401970343,-74.08755845446336,2018,07,PM
BROOKLYN,11208,Tortured,04,40.68771163540864,-73.87015554875342,2018,09,AM
QUEENS,11435,Tortured,04,40.70569681036372,-73.80830054171146,2018,10,PM
BROOKLYN,11210,Tortured,04,40.633360037623156,-73.94672104092783,2018,01,PM
BROOKLYN,11208,Tortured,04,40.68771163540864,-73.87015554875342,2018,10,AM
BROOKLYN,11201,Tortured,04,40.70069802217662,-73.9848094650042,2018,01,PM
BROOKLYN,11212,Tortured,04,40.65585273320135,-73.91012180100877,2018,12,PM
QUEENS,11416,Tortured,04,40.68890284054133,-73.8436465770504,2018,04,PM
BROOKLYN,11219,Tortured,04,40.626353885855615,-73.99597964072156,2018,12,PM
MANHATTAN,10001,Tortured,04,40.750178704341835,-73.99644135982975,2018,10,PM
MANHATTAN,10040,Tortured,04,40.863538348017215,-73.92843472016791,2018,07,PM
MANHATTAN,10007,Tortured,04,40.715539800779354,-74.00606385928269,2018,08,PM
BROOKLYN,11223,Tortured,04,40.59738995844717,-73.98537670527539,2018,09,PM
QUEENS,11385,Tortured,04,40.71196877569201,-73.9056346493685,2018,06,AM
QUEENS,11355,Tortured,04,40.75184984688696,-73.83288037591043,2018,10,PM
BROOKLYN,11207,Tortured,04,40.67972975463345,-73.88839618075671,2018,07,PM
MANHATTAN,10014,Tortured,04,40.7313195159813,-74.00363340410003,2018,12,PM
BRONX,10463,Tortured,04,40.88094656085681,-73.89748603249454,2018,06,PM
QUEENS,11004,Tortured,04,40.74960666705249,-73.71282041173134,2018,03,PM
BRONX,10468,Tortured,04,40.86500930229836,-73.9087002721621,2018,09,AM
MANHATTAN,10034,Tortured,04,40.863240541435,-73.91810611189065,2018,11,PM
BRONX,10458,Tortured,04,40.858046649998535,-73.8995746638981,2018,06,PM
BROOKLYN,11229,Tortured,04,40.59562911939535,-73.934227510102,2018,12,PM
MANHATTAN,10011,Tortured,04,40.7410881491145,-73.99977265340635,2018,08,PM
MANHATTAN,10027,Tortured,04,40.811670525661896,-73.94684201340073,2018,07,PM
BROOKLYN,11206,Tortured,04,40.70993372779245,-73.94655162677513,2018,11,PM
MANHATTAN,10034,Tortured,04,40.863240541435,-73.91810611189065,2018,11,PM
BROOKLYN,11206,Tortured,04,40.70993372779245,-73.94655162677513,2018,10,AM
QUEENS,11354,Tortured,04,40.75863478281421,-73.83282003701893,2018,05,PM
STATEN ISLAND,10306,Tortured,04,40.5643992799819,-74.10554455711089,2018,11,AM
BROOKLYN,11206,Tortured,04,40.70993372779245,-73.94655162677513,2018,11,PM
MANHATTAN,10128,Tortured,04,40.780484415127354,-73.95195815488185,2018,06,PM
BROOKLYN,11211,Tortured,04,40.70890414845771,-73.959252467909,2018,04,PM
STATEN ISLAND,10314,Tortured,04,40.61664630357981,-74.11444114249191,2018,02,PM
MANHATTAN,10013,Tortured,04,40.71979702029398,-73.99619406294991,2018,10,PM
BROOKLYN,11223,Tortured,04,40.59738995844717,-73.98537670527539,2018,08,PM
BROOKLYN,11223,Tortured,04,40.59738995844717,-73.98537670527539,2018,06,AM
BROOKLYN,11203,Tortured,04,40.64384129363833,-73.93901216875302,2018,09,AM
MANHATTAN,10009,Tortured,04,40.72134885375417,-73.97985151322482,2018,05,AM
MANHATTAN,10036,Tortured,04,40.756581786411466,-73.98963708106945,2018,04,AM
BRONX,10467,Tortured,04,40.883980346342426,-73.86619557019465,2018,08,PM
BROOKLYN,11223,Tortured,04,40.59738995844717,-73.98537670527539,2018,10,AM
BROOKLYN,11207,Tortured,04,40.681215959403104,-73.8868974362729,2018,09,AM
BROOKLYN,11221,Tortured,04,40.68770264648205,-73.91677842587687,2018,10,PM
BROOKLYN,11223,Tortured,04,40.59738995844717,-73.98537670527539,2018,06,PM
BROOKLYN,11233,Tortured,04,40.677247528388676,-73.91639850322994,2018,02,AM
STATEN ISLAND,10306,Tortured,04,40.558888018480005,-74.1318037685883,2018,04,PM
BROOKLYN,11223,Tortured,04,40.59738995844717,-73.98537670527539,2018,09,PM
BROOKLYN,11223,Tortured,04,40.59738995844717,-73.98537670527539,2018,09,PM
BRONX,10459,Tortured,04,40.823191918538704,-73.89685599437487,2018,12,PM
BROOKLYN,11215,Tortured,04,40.66497295488905,-73.99486350457612,2018,10,PM
BROOKLYN,11233,Tortured,04,40.675452565188806,-73.90930946971237,2018,08,PM
BROOKLYN,11223,Tortured,04,40.59738995844717,-73.98537670527539,2018,05,AM
BRONX,10455,Tortured,03,40.819791140216815,-73.91719131247595,2018,02,PM
BRONX,10457,Tortured,03,40.84592382487764,-73.88822217040618,2018,10,AM
BROOKLYN,11205,Tortured,04,40.69680866818452,-73.97055472829395,2018,10,PM
BROOKLYN,11214,Tortured,04,40.60098096775566,-73.99482881542777,2018,04,PM
BROOKLYN,11223,Tortured,04,40.59738995844717,-73.98537670527539,2018,07,AM
BRONX,10460,Tortured,03,40.84514393330598,-73.882306832464,2018,07,PM
MANHATTAN,10023,Tortured,03,40.780385616284,-73.9798119844851,2018,10,AM
MANHATTAN,10023,Tortured,03,40.780385616284,-73.9798119844851,2018,07,PM
MANHATTAN,10023,Tortured,03,40.780385616284,-73.9798119844851,2018,09,AM
MANHATTAN,10023,Tortured,03,40.780385616284,-73.9798119844851,2018,08,AM
MANHATTAN,10023,Tortured,03,40.780385616284,-73.9798119844851,2018,09,AM
BROOKLYN,11213,Tortured,03,40.672672583137214,-73.94466003556693,2018,09,AM
MANHATTAN,10012,Tortured,03,40.72296720542167,-73.99587279706292,2018,10,AM
BRONX,10454,Tortured,03,40.80684028582174,-73.91546271178518,2018,09,PM
MANHATTAN,10023,Tortured,03,40.780385616284,-73.9798119844851,2018,09,AM
BROOKLYN,11224,Tortured,03,40.574408517096686,-73.99408214112192,2018,01,PM
BROOKLYN,11216,Tortured,03,40.67402517083841,-73.95601841952394,2018,10,PM
QUEENS,11435,Tortured,03,40.70961054828103,-73.81482152768527,2018,08,AM
BROOKLYN,11237,Tortured,03,40.69918175881262,-73.9137094678463,2018,01,PM
BROOKLYN,11237,Tortured,03,40.69707638121719,-73.90994361380058,2018,06,PM
MANHATTAN,10014,Tortured,03,40.732233319193305,-74.00769989144736,2018,01,PM
BRONX,10462,Tortured,03,40.83316172397391,-73.85449551039405,2018,05,PM
QUEENS,11691,Tortured,03,40.60648450617712,-73.75522330601655,2018,09,AM
MANHATTAN,10027,Tortured,03,40.813099639705094,-73.95799652274513,2018,12,AM
QUEENS,11420,Tortured,03,40.671410525182544,-73.80267448284737,2018,10,PM
BROOKLYN,11237,Tortured,03,40.695436241668496,-73.91153256027809,2018,04,PM
BRONX,10473,Tortured,04,40.823913272109436,-73.8554876768928,2018,02,PM
BROOKLYN,11212,Tortured,04,40.663461258952125,-73.9101115492274,2018,09,PM
BRONX,10467,Tortured,03,40.87700494920993,-73.874974929467,2018,08,PM
STATEN ISLAND,10314,Tortured,03,40.611838226530516,-74.12675429021297,2018,10,AM
BRONX,10467,Tortured,03,40.87700494920993,-73.874974929467,2018,10,AM
STATEN ISLAND,10306,Tortured,03,40.559693986233576,-74.11484742853644,2018,04,PM
BRONX,10464,Tortured,03,40.84386231184529,-73.78824081086114,2018,03,PM
QUEENS,11418,Tortured,03,40.692716554918455,-73.83280141093226,2018,03,PM
BRONX,10458,Tortured,03,40.86636799383064,-73.88990515803532,2018,10,AM
BRONX,10459,Tortured,03,40.83072227141745,-73.89865470431104,2018,10,PM
QUEENS,11369,Tortured,03,40.77442086598845,-73.87729410513894,2018,07,PM
BRONX,10459,Tortured,03,40.822791486480504,-73.90031436062081,2018,03,PM
BRONX,10468,Tortured,03,40.86900360126355,-73.89357426488165,2018,01,PM
BRONX,10471,Tortured,03,40.90129782280206,-73.89683245407305,2018,01,PM
MANHATTAN,10023,Tortured,03,40.780385616284,-73.9798119844851,2018,08,PM
QUEENS,11378,Tortured,03,40.72598471368842,-73.89141065520883,2018,05,PM
MANHATTAN,10023,Tortured,03,40.780385616284,-73.9798119844851,2018,11,AM
MANHATTAN,10002,Tortured,03,40.718251364860144,-73.99018054936788,2018,10,AM
BRONX,10457,Tortured,03,40.85136006419715,-73.90220177401109,2018,12,AM
BRONX,10462,Tortured,03,40.83316172397391,-73.85449551039405,2018,08,PM
MANHATTAN,10019,Tortured,03,40.76687588351982,-73.97907601452906,2018,07,PM
BROOKLYN,11206,Tortured,03,40.705499175667924,-73.94289072406899,2018,01,AM
BRONX,10468,Tortured,03,40.86964785989598,-73.90203025141037,2018,09,PM
BROOKLYN,11201,Tortured,03,40.69282895229449,-73.98622844103508,2018,11,PM
BRONX,10452,Tortured,03,40.84571916406527,-73.91925174662715,2018,08,PM
BRONX,10457,Tortured,03,40.85009638789136,-73.88885132692872,2018,01,PM
BROOKLYN,11232,Tortured,03,40.66032884235639,-73.99624431184961,2018,07,PM
BROOKLYN,11233,Tortured,03,40.68399410920956,-73.92421777629255,2018,11,AM
MANHATTAN,10028,Tortured,03,40.776222362040734,-73.94689558505074,2018,07,PM
BROOKLYN,11224,Tortured,03,40.574408517096686,-73.99408214112192,2018,04,PM
MANHATTAN,10011,Tortured,03,40.73813748055637,-73.99626157713293,2018,08,AM
BROOKLYN,11201,Tortured,03,40.694686531717544,-73.98171313919345,2018,12,AM
QUEENS,11419,Tortured,03,40.69679897144802,-73.8137499818095,2018,12,PM
MANHATTAN,10023,Tortured,03,40.780385616284,-73.9798119844851,2018,09,AM
MANHATTAN,10023,Tortured,03,40.780385616284,-73.9798119844851,2018,09,AM
MANHATTAN,10019,Tortured,03,40.76567588066998,-73.97623531488374,2018,10,PM
BRONX,10457,Tortured,03,40.84592382487764,-73.88822217040618,2018,06,AM
BROOKLYN,11206,Tortured,03,40.695731619298144,-73.93960661004715,2018,11,AM
QUEENS,11369,Tortured,03,40.760726029979836,-73.86625185967317,2018,05,PM
QUEENS,11385,Tortured,03,40.69709026733096,-73.90670153441027,2018,02,PM
BROOKLYN,11234,Tortured,03,40.61583195571972,-73.91882386380045,2018,01,AM
BROOKLYN,11221,Tortured,03,40.695086494595174,-73.92126973161622,2018,12,PM
BRONX,10453,Tortured,03,40.84858574127474,-73.90963728559277,2018,07,PM
BROOKLYN,11206,Tortured,03,40.70993372779245,-73.94655162677513,2018,12,PM
QUEENS,11429,Tortured,02,40.72008601224539,-73.73189089701228,2018,02,PM
STATEN ISLAND,10303,Tortured,02,40.63332541991785,-74.15509551645307,2018,11,AM
MANHATTAN,10003,Tortured,02,40.73196398139968,-73.9881543385705,2018,09,PM
MANHATTAN,10003,Tortured,02,40.73196398139968,-73.9881543385705,2018,10,PM
MANHATTAN,10035,Tortured,02,40.80550694791084,-73.93799712086526,2018,05,PM
MANHATTAN,10009,Tortured,02,40.72167504153717,-73.97748481258955,2018,06,AM
STATEN ISLAND,10303,Tortured,03,40.63491714038582,-74.16513700875308,2018,06,AM
QUEENS,11104,Tortured,03,40.746845393045255,-73.9226918591685,2018,07,PM
MANHATTAN,10030,Tortured,03,40.82046857723442,-73.94363749682614,2018,11,AM
MANHATTAN,10031,Tortured,03,40.82500173550564,-73.94707706298178,2018,06,PM
QUEENS,11365,Tortured,03,40.73428144334844,-73.80868738658432,2018,08,PM
MANHATTAN,10026,Tortured,03,40.79845524146068,-73.94808779746673,2018,03,PM
QUEENS,11104,Tortured,03,40.746845393045255,-73.9226918591685,2018,06,PM
BROOKLYN,11209,Tortured,03,40.62409116353521,-74.02967616268175,2018,10,PM
QUEENS,11414,Tortured,03,40.65101919002612,-73.8455408675581,2018,11,PM
BRONX,10467,Tortured,03,40.87700494920993,-73.874974929467,2018,03,PM
BROOKLYN,11233,Tortured,03,40.677022468329376,-73.91271786475752,2018,02,PM
BROOKLYN,11203,Tortured,02,40.64366981935119,-73.94180496683599,2018,04,PM
BRONX,10463,Tortured,02,40.88094656085681,-73.89748603249454,2018,08,PM
QUEENS,11385,Tortured,02,40.707559396796654,-73.91830819358263,2018,06,AM
QUEENS,11435,Tortured,02,40.7086094282564,-73.8169884642595,2018,12,AM
BRONX,10460,Tortured,02,40.83696196057771,-73.86715385185663,2018,08,AM
BROOKLYN,11222,Tortured,02,40.72327391936637,-73.94222249650207,2018,07,AM
BRONX,10453,Tortured,02,40.84649259716388,-73.91100998511222,2018,12,AM
QUEENS,11414,Tortured,02,40.65101919002612,-73.8455408675581,2018,03,PM
QUEENS,11379,Tortured,02,40.708565503383205,-73.87429534720194,2018,04,AM
BROOKLYN,11206,Tortured,02,40.710384589377526,-73.9423563072899,2018,10,AM
BROOKLYN,11214,Tortured,02,40.60098096775566,-73.99482881542777,2018,11,AM
BRONX,10468,Tortured,02,40.8610726526304,-73.90112824093595,2018,08,AM
STATEN ISLAND,10301,Tortured,02,40.63888759804921,-74.07808025175733,2018,02,AM
MANHATTAN,10017,Tortured,02,40.75197159252023,-73.97732659283251,2018,08,AM
MANHATTAN,10034,Tortured,02,40.866087555750624,-73.91918724405946,2018,05,PM
QUEENS,11433,Tortured,02,40.701205874971706,-73.7818199071263,2018,04,PM
BRONX,10466,Tortured,02,40.884509962617685,-73.83824283662724,2018,12,PM
QUEENS,11433,Tortured,02,40.701205874971706,-73.7818199071263,2018,09,PM
MANHATTAN,10034,Tortured,03,40.86504796739113,-73.92419222671695,2018,03,PM
QUEENS,11385,Tortured,03,40.702152089416266,-73.91075544864971,2018,03,PM
MANHATTAN,10013,Tortured,03,40.71760352610658,-74.01066709526035,2018,05,PM
QUEENS,11434,Tortured,03,40.6845648032059,-73.7820906926867,2018,05,PM
MANHATTAN,10028,Tortured,03,40.77949776479802,-73.95558406794517,2018,05,PM
BRONX,10454,Tortured,02,40.80809139818079,-73.92259182345386,2018,08,PM
BRONX,10468,Tortured,02,40.86350590921276,-73.89963149566644,2018,11,PM
QUEENS,11373,Tortured,02,40.73558933245592,-73.8810209063184,2018,08,AM
BROOKLYN,11221,Tortured,02,40.68642543414355,-73.94219673322662,2018,09,PM
MANHATTAN,10029,Tortured,02,40.79624624549259,-73.94334378988671,2018,07,PM
MANHATTAN,10023,Tortured,02,40.780385616284,-73.9798119844851,2018,11,AM
QUEENS,11354,Tortured,02,40.76298474498203,-73.81629396444039,2018,01,PM
MANHATTAN,10023,Tortured,02,40.780385616284,-73.9798119844851,2018,12,PM
MANHATTAN,10023,Tortured,02,40.780385616284,-73.9798119844851,2018,09,PM
MANHATTAN,10023,Tortured,02,40.780385616284,-73.9798119844851,2018,12,PM
MANHATTAN,10027,Tortured,02,40.806802766084154,-73.94992352912801,2018,04,PM
BRONX,10455,Tortured,02,40.81097355989611,-73.9079290803259,2018,10,AM
BRONX,10463,Tortured,02,40.88094656085681,-73.89748603249454,2018,09,AM
BRONX,10455,Tortured,02,40.816764416810784,-73.90729605751906,2018,12,PM
BRONX,10467,Tortured,02,40.877385676249666,-73.88205087634928,2018,06,PM
BRONX,10455,Tortured,02,40.81097355989611,-73.9079290803259,2018,10,AM
QUEENS,11369,Tortured,02,40.763866444589915,-73.87646522025788,2018,08,PM
MANHATTAN,10014,Tortured,02,40.73286747413325,-74.00569378834646,2018,03,PM
QUEENS,11697,Tortured,02,40.56072009244336,-73.9127114572132,2018,09,AM
BROOKLYN,11237,Tortured,02,40.69842288914836,-73.91563985715563,2018,02,PM
BRONX,10459,Tortured,02,40.821006937596835,-73.89664982632331,2018,02,PM
QUEENS,11691,Tortured,02,40.59766398960501,-73.75973880971557,2018,07,PM
MANHATTAN,10026,Tortured,02,40.801572485034605,-73.95268338599175,2018,07,PM
BROOKLYN,11213,Tortured,02,40.67277628829242,-73.93810248956807,2018,11,AM
BROOKLYN,11237,Tortured,02,40.70754346142227,-73.92306566357136,2018,05,PM
MANHATTAN,10031,Tortured,02,40.82170663635196,-73.95679517095198,2018,07,PM
QUEENS,11004,Tortured,02,40.751326379923654,-73.7134193520775,2018,03,PM
MANHATTAN,10012,Tortured,02,40.72652715467351,-73.99584371348764,2018,01,PM
BRONX,10467,Tortured,02,40.87561653567573,-73.87791371671449,2018,05,AM
BROOKLYN,11220,Tortured,02,40.641268397777104,-74.01300422919081,2018,11,AM
BRONX,10475,Tortured,02,40.86375514374958,-73.82186521842983,2018,08,PM
BROOKLYN,11238,Tortured,02,40.67164502459593,-73.9625737321121,2018,09,AM
BROOKLYN,11229,Tortured,02,40.596144980460515,-73.93890809863905,2018,09,PM
BROOKLYN,11206,Tortured,02,40.69655704185142,-73.94943293854924,2018,06,PM
QUEENS,11691,Tortured,02,40.59766398960501,-73.75973880971557,2018,02,PM
MANHATTAN,10014,Tortured,02,40.73375689965592,-74.00189434650213,2018,07,PM
QUEENS,11694,Tortured,02,40.58350137054484,-73.8218783142783,2018,09,PM
MANHATTAN,10023,Tortured,02,40.780385616284,-73.9798119844851,2018,10,AM
MANHATTAN,10023,Tortured,02,40.780385616284,-73.9798119844851,2018,10,AM
MANHATTAN,10039,Tortured,02,40.82731968897033,-73.93883677339039,2018,02,PM
BRONX,10453,Tortured,02,40.85286537677531,-73.90698909467172,2018,12,PM
QUEENS,11365,Tortured,02,40.73417696906418,-73.80858304554208,2018,09,PM
BRONX,10453,Tortured,02,40.85286537677531,-73.90698909467172,2018,12,PM
MANHATTAN,10011,Tortured,02,40.73813748055637,-73.99626157713293,2018,09,AM
BROOKLYN,11220,Tortured,01,40.64358006992436,-74.00629514419798,2018,11,AM
BROOKLYN,11231,Tortured,01,40.674274937628056,-74.00643503376475,2018,03,PM
STATEN ISLAND,10308,Tortured,01,40.54032476259872,-74.14766241184046,2018,12,PM
QUEENS,11422,Tortured,01,40.65137500616021,-73.72919385387249,2018,11,PM
MANHATTAN,10024,Tortured,01,40.78333975402125,-73.97075839661693,2018,08,PM
BRONX,10454,Tortured,01,40.80684028582174,-73.91546271178518,2018,09,PM
BROOKLYN,11234,Tortured,01,40.616908655902634,-73.90543045026409,2018,04,PM
BRONX,10468,Tortured,01,40.87424062537703,-73.88792868612363,2018,11,AM
BROOKLYN,11208,Tortured,01,40.67349183971061,-73.86380234240583,2018,06,PM
QUEENS,11422,Tortured,01,40.65137500616021,-73.72919385387249,2018,06,PM
MANHATTAN,10010,Tortured,01,40.741074038380894,-73.99055609665503,2018,08,AM
BROOKLYN,11225,Tortured,01,40.66540878250869,-73.94814808861429,2018,05,PM
MANHATTAN,10029,Tortured,01,40.79567962022561,-73.94655501659184,2018,10,PM
BROOKLYN,11225,Tortured,01,40.66540878250869,-73.94814808861429,2018,10,AM
BROOKLYN,11225,Tortured,01,40.66613885752836,-73.94806821939684,2018,12,PM
MANHATTAN,10031,Tortured,01,40.81884014572842,-73.95419213627238,2018,03,PM
BROOKLYN,11225,Tortured,01,40.66540878250869,-73.94814808861429,2018,01,PM
MANHATTAN,10003,Tortured,01,40.7230408216706,-73.98858163307945,2018,01,PM
BROOKLYN,11217,Tortured,01,40.678289386275964,-73.98246392798454,2018,12,AM
BRONX,10463,Tortured,01,40.88094656085681,-73.89748603249454,2018,11,PM
BROOKLYN,11224,Tortured,01,40.57448000437161,-73.99737223746841,2018,08,PM
QUEENS,11432,Tortured,01,40.70881002686017,-73.80379734448906,2018,03,PM
BRONX,10455,Tortured,01,40.81097355989611,-73.9079290803259,2018,11,AM
BRONX,10458,Tortured,01,40.861235871651125,-73.89633424589219,2018,07,PM
QUEENS,11692,Tortured,01,40.59505534933133,-73.79457148994774,2018,04,PM
BRONX,10461,Tortured,01,40.84782689720543,-73.83237900445516,2018,01,PM
MANHATTAN,10033,Tortured,01,40.84846021725781,-73.9403028949739,2018,10,PM
QUEENS,11369,Tortured,01,40.764984230568295,-73.88235462496121,2018,10,AM
QUEENS,11101,Tortured,01,40.75768942012921,-73.9459321653172,2018,02,PM
QUEENS,11106,Tortured,01,40.754609402565094,-73.92551623535523,2018,02,PM
MANHATTAN,10027,Tortured,01,40.81595552782531,-73.95440004776522,2018,02,PM
QUEENS,11379,Tortured,01,40.708565503383205,-73.87429534720194,2018,04,AM
BROOKLYN,11238,Tortured,01,40.67430995741541,-73.96182959362903,2018,03,PM
Unspecified,10301,Tortured,01,40.64191428951823,-74.0792620771454,2018,05,PM
BRONX,10453,Tortured,01,40.85175441394754,-73.92273620228266,2018,03,AM
MANHATTAN,10019,Tortured,01,NA,NA,2018,11,AM
BROOKLYN,11225,Tortured,01,40.65700586030622,-73.95181281010353,2018,04,PM
BRONX,10453,Tortured,02,40.85286537677531,-73.90698909467172,2018,12,PM
MANHATTAN,10011,Tortured,02,40.745567578765986,-73.99916273085572,2018,09,PM
QUEENS,11419,Tortured,02,40.68354806610382,-73.82479119123077,2018,09,PM
MANHATTAN,10026,Tortured,02,40.80534680977811,-73.95348621470467,2018,08,AM
BRONX,10457,Tortured,02,40.8467977313607,-73.90811081791232,2018,10,PM
BRONX,10467,Tortured,01,40.8835804580624,-73.87940713660531,2018,07,AM
QUEENS,11354,Tortured,01,40.75591942448095,-73.83608260838317,2018,10,PM
BRONX,10455,Tortured,01,40.816764416810784,-73.90729605751906,2018,06,AM
BRONX,10455,Tortured,01,40.815864091127295,-73.90722505700127,2018,10,AM
STATEN ISLAND,10301,Tortured,01,40.63508827348584,-74.09007721834259,2018,10,AM
BROOKLYN,11237,Tortured,01,40.699896421747546,-73.91889100868768,2018,09,PM
BRONX,10458,Tortured,01,40.853650213710026,-73.882732784638,2018,06,PM
BRONX,10461,Tortured,01,40.85592134004386,-73.84232491924756,2018,04,PM
BRONX,10463,Tortured,01,40.88199442223902,-73.92116412070499,2018,01,PM
MANHATTAN,10036,Tortured,01,40.75725658725952,-73.98582167954895,2018,03,PM
BRONX,10468,Tortured,01,40.863974007488046,-73.89820995792564,2018,03,PM
MANHATTAN,10009,Tortured,01,40.719819071722334,-73.97499985513412,2018,02,AM
QUEENS,11102,Tortured,01,40.77415302914898,-73.93165022571826,2018,11,PM
MANHATTAN,10016,Tortured,01,40.74336074713001,-73.97460127098294,2018,08,PM
QUEENS,11375,Tortured,01,40.71224795826268,-73.84838207217929,2018,09,AM
BRONX,10467,Tortured,01,40.87561653567573,-73.87791371671449,2018,08,AM
BROOKLYN,11213,Tortured,01,40.67186013572473,-73.92525175899432,2018,01,PM
BROOKLYN,11211,Tortured,01,40.71190030140069,-73.95618099736512,2018,02,PM
BRONX,10475,Tortured,01,40.86375514374958,-73.82186521842983,2018,07,PM
Unspecified,10306,Tortured,01,40.57129908191318,-74.14403778823963,2018,04,PM
BROOKLYN,11206,Tortured,01,40.71143024412639,-73.94215701409897,2018,01,PM
MANHATTAN,10003,Tortured,01,40.73003193771921,-73.99108083276965,2018,01,PM
BROOKLYN,11249,Tortured,01,40.7071689944868,-73.96630850797419,2018,01,PM
QUEENS,11420,Tortured,01,40.671410525182544,-73.80267448284737,2018,03,PM
MANHATTAN,10026,Tortured,01,40.80148904802084,-73.95008645244525,2018,12,PM
MANHATTAN,10017,Tortured,01,40.75348184923692,-73.98088850486347,2018,03,PM
MANHATTAN,10035,Tortured,01,40.80042978059495,-73.94451409467368,2018,06,PM
MANHATTAN,10009,Tortured,01,40.72707966939465,-73.97853289060583,2018,08,PM
BRONX,10460,Tortured,01,40.83240850809069,-73.89071298695625,2018,04,PM
BROOKLYN,11208,Tortured,01,40.674367574691544,-73.87607581708576,2018,03,PM
QUEENS,11423,Tortured,01,40.7239961570922,-73.77075244351086,2018,08,PM
BRONX,10473,Tortured,01,40.81570837326853,-73.848355905857,2018,08,AM
MANHATTAN,10019,Tortured,01,40.76464310595444,-73.98972607558989,2018,05,PM
BROOKLYN,11207,Tortured,01,40.67546978003766,-73.88551920663188,2018,08,PM
BRONX,10454,Tortured,01,40.81143857247592,-73.92055048499229,2018,04,PM
QUEENS,11433,Tortured,01,40.69218578018528,-73.79178045755434,2018,02,PM
